token_address,chain,perf_window
0xa601877977340862ca67f816eb079958e5bd0ba3,base,30h
0xf878a623e1201303572546f8c30eeeafebedffff,bsc,30h
0x0086cff0c1e5d17b19f5bcd4c8840a5b4251d959,base,170h
0xf30bf00edd0c22db54c9274b90d2a4c21fc09b07,base,99h
0xc78fabc2cb5b9cf59e0af3da8e3bc46d47753a4e,base,459h
0x4e6c9f48f73e54ee5f3ab7e2992b2d733d0d0b07,base,75h
0xf714e60f85497d70508f7e356b5db80e64539ba3,base,107h
0xb695559b26bb2c9703ef1935c37aeae9526bab07,base,680h
0xe2f3fae4bc62e21826018364aa30ae45d430bb07,base,448h
